{
    "mse": 0.34852263619253543,
    "r2": 0.45030007476255884
}